<?xml version="1.0" encoding="utf-8"?>
<extension type="module" version="3.1" client="site" method="upgrade">
	<name>Electrom Form Submit Module</name>
	<author>Sam</author>
	<creationDate>Oct 2015</creationDate>
	<copyright>Copyright (C) 2015 All rights reserved.</copyright>
	<authorEmail>admin@electromonitor.com</authorEmail>
	<authorUrl>www.electromonitor.com</authorUrl>
	<version>0.1.0</version>
	<description>Electrom Form Submit</description>
	<files>
		<filename module="mod_electrom_form">mod_electrom_form.php</filename>
		<filename>helper.php</filename>
		<folder>tmpl</folder>
		<filename>tmpl/default.php</filename>
		<filename>css/styles.css</filename>
	</files>
</extension>
