<?xml version="1.0" encoding="utf-8"?>
<extension type="module" version="3.1" client="site" method="upgrade">
	<name>mod_meter_connect</name>
	<author>Tang</author>
	<creationDate>1 2016</creationDate>
	<copyright>Copyright (C) 2015 All rights reserved.</copyright>
	<authorEmail>admin@electromonitor.com</authorEmail>
	<authorUrl>www.electromonitor.com</authorUrl>
	<version>0.1.0</version>
	<description>链接电表</description>
	<files>
		<filename module="mod_meter_connect">mod_meter_connect.php</filename>
		<filename>conn.php</filename>
		<filename>helper.php</filename>
		<folder>tmpl</folder>
		<filename>tmpl/default.php</filename>
		<filename>css/styles.css</filename>
	</files>
</extension>
