<?xml version="1.0" encoding="utf-8"?>
<extension
	type="module"
	version="3.1"
	client="site"
	method="upgrade">
	<name>mod_articles_popular</name>
	<author>Joomla! Project</author>
	<creationDate>July 2006</creationDate>
	<copyright>Copyright (C) 2005 - 2014 Open Source Matters. All rights reserved.</copyright>
	<license>GNU General Public License version 2 or later; see LICENSE.txt</license>
	<authorEmail>admin@joomla.org</authorEmail>
	<authorUrl>www.joomla.org</authorUrl>
	<version>3.0.0</version>
	<description>MOD_POPULAR_XML_DESCRIPTION</description>
	<files>
		<filename module="mod_articles_popular">mod_articles_popular.php</filename>
		<folder>tmpl</folder>
		<filename>helper.php</filename>
		<filename>index.html</filename>
		<filename>mod_articles_popular.xml</filename>
	</files>
	<languages>
		<language tag="en-GB">en-GB.mod_articles_popular.ini</language>
		<language tag="en-GB">en-GB.mod_articles_popular.sys.ini</language>
	</languages>
	<help key="JHELP_EXTENSIONS_MODULE_MANAGER_MOST_READ" />
	<config>
		<fields name="params">
			<fieldset name="basic">

				<field
					name="catid"
					type="category"
					extension="com_content"
					multiple="true"
					size="10"
					default=""
					label="JCATEGORY"
					description="MOD_POPULAR_FIELD_CATEGORY_DESC" >
					<option value="">JOPTION_ALL_CATEGORIES</option>
				</field>

				<field
					name="count"
					type="text"
					default="5"
					label="MOD_POPULAR_FIELD_COUNT_LABEL"
					description="MOD_POPULAR_FIELD_COUNT_DESC" />

					<field
					name="show_front"
					type="radio"
					class="btn-group btn-group-yesno"
					default="1"
					label="MOD_POPULAR_FIELD_FEATURED_LABEL"
					description="MOD_POPULAR_FIELD_FEATURED_DESC">
					<option
						value="1">JSHOW</option>
					<option
						value="0">JHIDE</option>
				</field>

			</fieldset>

			<fieldset
				name="advanced">

				<field
					name="layout"
					type="modulelayout"
					label="JFIELD_ALT_LAYOUT_LABEL"
					description="JFIELD_ALT_MODULE_LAYOUT_DESC" />

				<field
					name="moduleclass_sfx"
					type="textarea" rows="3"
					label="COM_MODULES_FIELD_MODULECLASS_SFX_LABEL"
					description="COM_MODULES_FIELD_MODULECLASS_SFX_DESC" />

				<field
					name="cache"
					type="list"
					default="1"
					label="COM_MODULES_FIELD_CACHING_LABEL"
					description="COM_MODULES_FIELD_CACHING_DESC">
					<option
						value="1">JGLOBAL_USE_GLOBAL</option>
					<option
						value="0">COM_MODULES_FIELD_VALUE_NOCACHING</option>
				</field>

				<field
					name="cache_time"
					type="text"
					default="900"
					label="COM_MODULES_FIELD_CACHE_TIME_LABEL"
					description="COM_MODULES_FIELD_CACHE_TIME_DESC" />

				<field
					name="cachemode"
					type="hidden"
					default="static">
					<option
						value="static"></option>
				</field>

			</fieldset>
		</fields>
	</config>
</extension>
