<?xml version="1.0" encoding="utf-8"?>
<extension type="module" version="3.1" client="site" method="upgrade">
	<name>电表型号4</name>
	<author>Tang</author>
	<creationDate>Oct 2015</creationDate>
	<copyright>Copyright (C) 2016 All rights reserved.</copyright>
	<authorEmail>admin@electromonitor.com</authorEmail>
	<authorUrl>www.electromonitor.com</authorUrl>
	<version>0.2.0</version>
	<description>电表型号4</description>
	<files>
		<filename module="mod_meter_model4">mod_meter_model4.php</filename>
		<filename>helper.php</filename>
		<filename>conn.php</filename>
		<folder>tmpl</folder>
		<filename>tmpl/default.php</filename>
		<filename>css/styles.css</filename>
	</files>
</extension>
