<?xml version="1.0" encoding="utf-8"?>
<extension type="module" version="3.1" client="site" method="upgrade">
	<name>mod_meter_info_fix</name>
	<author>Tang</author>
	<creationDate>1 2016</creationDate>
	<copyright>Copyright (C) 2016 All rights reserved.</copyright>
	<authorEmail>admin@electromonitor.com</authorEmail>
	<authorUrl>www.electromonitor.com</authorUrl>
	<version>0.2.0</version>
	<description>电表信息数据修改</description>
	<files>
		<filename module="mod_meter_info_fix">mod_meter_info_fix.php</filename>
		<filename>helper.php</filename>
		<folder>tmpl</folder>
		<filename>tmpl/default.php</filename>
		<filename>css/styles.css</filename>
	</files>
</extension>
